Amino Acid, x,y,z
ASN,45.032,81.831,154.202
ASN,43.69,82.308,155.478
ASN,42.907,81.831,153.362
ASN,41.763,82.308,154.642
ASN,42.907,81.663,154.202
ASN,45.032,80.349,155.273
ASN,48.857,80.349,154.202
ASN,43.69,80.349,156.231
PHE,41.763,81.831,155.478
PHE,43.727,83.388,153.362
PHE,43.727,83.388,154.642
PHE,43.727,83.388,153.583
PHE,44.562,82.441,155.478
PHE,44.614,84.001,153.362
PHE,45.396,82.441,153.362
PHE,44.562,83.525,154.642
PHE,45.599,84.001,154.642
PHE,44.614,82.036,153.583
PHE,45.599,83.525,153.583
TRP,41.763,84.001,154.642
TRP,42.907,84.001,153.583
TRP,42.907,82.441,158.494
TRP,42.907,82.441,159.673
TRP,43.69,83.525,153.583
TRP,43.69,82.036,153.583
TRP,45.032,82.593,158.494
TRP,42.907,82.593,153.583
TRP,43.69,81.428,158.494
TRP,42.907,81.428,158.494
TRP,43.727,82.593,153.583
TRP,41.763,81.231,158.494
TRP,44.562,81.428,153.583
TRP,43.727,81.231,158.494