Amino Acid,x,y,z
ASN,45.032,83.388,156.231
ASN,45.032,83.388,158.501
ASN,43.69,83.388,158.501
ASN,42.907,81.831,157.11
ASN,48.857,83.388,158.501
ASN,48.971,83.388,158.501
ASN,48.694,81.831,158.501
ASN,48.694,82.441,159.525
PHE,42.907,82.441,158.501
PHE,41.763,82.441,158.501
PHE,43.727,83.388,158.501
PHE,44.562,81.831,157.11
PHE,43.727,84.001,159.525
PHE,44.614,84.001,158.501
PHE,44.614,83.525,157.11
PHE,45.396,84.001,159.525
PHE,45.396,83.525,157.11
PHE,45.599,84.001,159.525
PHE,45.599,83.525,158.501
TRP,43.727,83.388,159.525
TRP,44.562,81.831,156.231
TRP,44.562,81.663,159.525
TRP,44.614,81.663,158.501
TRP,44.562,82.308,155.273
TRP,44.614,82.308,154.202
TRP,45.396,81.663,155.478
TRP,45.396,81.831,154.202
TRP,45.599,81.663,155.478
TRP,45.599,82.308,155.478
TRP,45.599,83.388,155.273
TRP,43.512,81.831,155.478
TRP,43.512,82.441,154.202
TRP,42.798,83.388,154.202